﻿pos_x,pos_y,rotation,side,designator,mpn,pack,footprint,value,mount_type
10.958,94.913,0.0,top,C1,,,C_1206_3216Metric_Pad1.33x1.80mm_HandSolder,10nF,smt
75.093,78.591,90.0,top,C10,,,CP_EIA-7343-31_Kemet-D_HandSolder,22uF,smt
75.093,68.304,-90.0,top,C11,,,CP_EIA-7343-31_Kemet-D_HandSolder,47uF,smt
24.039,40.176,0.0,top,C12,,,C_1206_3216Metric_Pad1.33x1.80mm_HandSolder,39nF,smt
17.943,40.176,0.0,top,C13,,,C_1206_3216Metric_Pad1.33x1.80mm_HandSolder,1uF,smt
12.2,31.3,0.0,top,C14,,,C_1206_3216Metric_Pad1.33x1.80mm_HandSolder,10nF,smt
27.022,31.286,0.0,top,C15,,,C_1206_3216Metric_Pad1.33x1.80mm_HandSolder,10nF,smt
44.022,31.286,0.0,top,C16,,,C_1206_3216Metric_Pad1.33x1.80mm_HandSolder,10nF,smt
34.834,39.922,0.0,top,C17,,,C_1206_3216Metric_Pad1.33x1.80mm_HandSolder,1uF,smt
40.549,39.922,0.0,top,C18,,,C_1206_3216Metric_Pad1.33x1.80mm_HandSolder,39nF,smt
31.3,44.7,0.0,top,C19,,,C_1206_3216Metric_Pad1.33x1.80mm_HandSolder,100nF,smt
12.1,87.3,-90.0,top,C2,,,C_1206_3216Metric_Pad1.33x1.80mm_HandSolder,100nF,smt
54.519,36.874,0.0,top,C20,,,C_1206_3216Metric_Pad1.33x1.80mm_HandSolder,39nF,smt
44.1,53.4,180.0,top,C21,,,C_1206_3216Metric_Pad1.33x1.80mm_HandSolder,100nF,smt
67.727,29.0,-90.0,top,C22,,,C_1206_3216Metric_Pad1.33x1.80mm_HandSolder,39nF,smt
59.98,42.843,90.0,top,C23,,,C_1206_3216Metric_Pad1.33x1.80mm_HandSolder,100nF,smt
75.093,47.415,-90.0,top,C24,,,CP_EIA-7343-31_Kemet-D_HandSolder,47uF,smt
81.824,40.48,-90.0,top,C25,,,CP_EIA-7343-31_Kemet-D_HandSolder,10uF,smt
29.4,10.0,0.0,top,C26,,,C_1206_3216Metric_Pad1.33x1.80mm_HandSolder,39nF,smt
40.0,15.15,180.0,top,C27,,,C_1206_3216Metric_Pad1.33x1.80mm_HandSolder,39nF,smt
61.75,9.85,-90.0,top,C28,,,C_1206_3216Metric_Pad1.33x1.80mm_HandSolder,39nF,smt
41.438,95.294,-90.0,bottom,C29,,,C_1206_3216Metric_Pad1.33x1.80mm_HandSolder,39nF,smt
14.1,104.7,180.0,top,C3,,,C_1206_3216Metric_Pad1.33x1.80mm_HandSolder,39nF,smt
31.913,17.57,-90.0,bottom,C30,,,C_1206_3216Metric_Pad1.33x1.80mm_HandSolder,39nF,smt
7.021,20.11,180.0,bottom,C31,,,C_1206_3216Metric_Pad1.33x1.80mm_HandSolder,39nF,smt
19.975,90.722,0.0,top,C4,,,C_1206_3216Metric_Pad1.33x1.80mm_HandSolder,39nF,smt
25.3,104.5,90.0,top,C5,,,C_1206_3216Metric_Pad1.33x1.80mm_HandSolder,39nF,smt
75.093,88.359,-90.0,top,C6,,,CP_EIA-7343-31_Kemet-D_HandSolder,47uF,smt
75.093,98.4245,90.0,top,C7,,,CP_EIA-7343-31_Kemet-D_HandSolder,22uF,smt
22.0,70.1,0.0,top,C8,,,C_1206_3216Metric_Pad1.33x1.80mm_HandSolder,39nF,smt
75.093,57.956,90.0,top,C9,,,CP_EIA-7343-31_Kemet-D_HandSolder,22uF,smt
49.13,112.3,0.0,top,D1,,,LED_D3.0mm,LED,tht
57.6,112.3,0.0,top,D2,,,LED_D3.0mm,LED,tht
9.112,112.439,90.0,top,J1,,,SMA_Amphenol_132289_EdgeMount,MHz 10,smt
5.751,2.584,-90.0,top,J10,,,SMA_Amphenol_132289_EdgeMount,MHz 25,smt
33.751,2.584,-90.0,top,J11,,,SMA_Amphenol_132289_EdgeMount,MHz 25,smt
47.751,2.584,-90.0,top,J12,,,SMA_Amphenol_132289_EdgeMount,MHz 25,smt
61.751,2.584,-90.0,top,J13,,,SMA_Amphenol_132289_EdgeMount,MHz 50,smt
24.112,112.312,90.0,top,J2,,,SMA_Amphenol_132289_EdgeMount,MHz 10,smt
39.112,112.439,90.0,top,J3,,,SMA_Amphenol_132289_EdgeMount,MHz 10,smt
2.7315,95.0,180.0,top,J4,,,SMA_Amphenol_132289_EdgeMount,MHz 10 Source,smt
4.2,80.0,180.0,top,J5,,,SMA_Amphenol_132134-11_Vertical,MHz 10 LPF,tht
44.613,58.337,180.0,top,J6,,,PinHeader_2x07_P2.54mm_Vertical,Conn_02x07_Odd_Even,tht
4.2,32.0,180.0,top,J7,,,SMA_Amphenol_132134-11_Vertical,MHz 50 LPF,tht
75.062,28.746,180.0,top,J8,,,BarrelJack_Horizontal,Jack-DC,tht
19.751,2.584,-90.0,top,J9,,,SMA_Amphenol_132289_EdgeMount,MHz 25,smt
22.261,35.604,180.0,top,L1,,,Minicircuits_GU1604,TCCH-80+,smt
39.025,35.477,180.0,top,L2,,,Minicircuits_GU1604,TCCH-80+,smt
15.53,87.039,-90.0,top,Q1,,,TO-92_Inline_Wide,2N2222,tht
50.201,40.049,90.0,top,Q2,,,TO-92_Inline_Wide,2N2222,tht
54.8,110.8,90.0,top,R1,,,R_1206_3216Metric_Pad1.30x1.75mm_HandSolder,220R,smt
53.376,91.28,180.0,top,R10,,,R_1206_3216Metric_Pad1.30x1.75mm_HandSolder,00,smt
45.756,95.167,90.0,top,R11,,,R_1206_3216Metric_Pad1.30x1.75mm_HandSolder,30,smt
66.711,96.36,-90.0,top,R12,,,Potentiometer_Bourns_3299W_Vertical,500R,tht
57.821,98.799,90.0,top,R13,,,R_1206_3216Metric_Pad1.30x1.75mm_HandSolder,120R,smt
53.376,71.468,180.0,top,R14,,,R_1206_3216Metric_Pad1.30x1.75mm_HandSolder,00,smt
67.473,55.162,-90.0,top,R15,,,Potentiometer_Bourns_3299W_Vertical,2k,tht
58.71,77.691,90.0,top,R16,,,R_1206_3216Metric_Pad1.30x1.75mm_HandSolder,120R,smt
67.346,75.151,-90.0,top,R17,,,Potentiometer_Bourns_3299W_Vertical,500R,tht
58.964,57.093,90.0,top,R18,,,R_1206_3216Metric_Pad1.30x1.75mm_HandSolder,120R,smt
24.1,44.7,180.0,top,R19,,,R_2512_6332Metric_Pad1.40x3.35mm_HandSolder,300,smt
49.1,105.6,90.0,top,R2,,,R_1206_3216Metric_Pad1.30x1.75mm_HandSolder,330R,smt
40.8,44.6,180.0,top,R20,,,R_2512_6332Metric_Pad1.40x3.35mm_HandSolder,160,smt
50.201,33.953,-90.0,top,R21,,,R_1206_3216Metric_Pad1.30x1.75mm_HandSolder,100,smt
50.201,51.352,180.0,top,R22,,,R_1206_3216Metric_Pad1.30x1.75mm_HandSolder,00,smt
64.171,43.859,90.0,top,R23,,,Potentiometer_Bourns_3299W_Vertical,5k,tht
56.932,42.843,90.0,top,R24,,,R_1206_3216Metric_Pad1.30x1.75mm_HandSolder,5k1,smt
23.023,9.95,0.0,top,R25,,,R_1206_3216Metric_Pad1.30x1.75mm_HandSolder,30,smt
14.895,12.871,-90.0,top,R26,,,R_1206_3216Metric_Pad1.30x1.75mm_HandSolder,30,smt
17.562,12.871,-90.0,top,R27,,,R_1206_3216Metric_Pad1.30x1.75mm_HandSolder,30,smt
13.752,18.967,0.0,top,R28,,,R_1206_3216Metric_Pad1.30x1.75mm_HandSolder,30,smt
45.629,24.428,180.0,top,R29,,,R_1206_3216Metric_Pad1.30x1.75mm_HandSolder,30,smt
15.53,97.707,90.0,top,R3,,,R_1206_3216Metric_Pad1.30x1.75mm_HandSolder,100,smt
50.201,28.619,-90.0,top,R30,,,R_1206_3216Metric_Pad1.30x1.75mm_HandSolder,100,smt
54.646,21.1,-90.0,top,R31,,,R_1206_3216Metric_Pad1.30x1.75mm_HandSolder,30,smt
34.326,15.157,0.0,top,R32,,,R_1206_3216Metric_Pad1.30x1.75mm_HandSolder,30,smt
64.806,20.364,-90.0,top,R33,,,R_1206_3216Metric_Pad1.30x1.75mm_HandSolder,30,smt
57.694,21.126,-90.0,top,R34,,,R_1206_3216Metric_Pad1.30x1.75mm_HandSolder,30,smt
21.372,98.469,90.0,top,R4,,,R_1206_3216Metric_Pad1.30x1.75mm_HandSolder,30,smt
20.61,81.578,90.0,top,R5,,,Potentiometer_Bourns_3299W_Vertical,5k,tht
15.53,92.246,90.0,top,R6,,,R_1206_3216Metric_Pad1.30x1.75mm_HandSolder,100,smt
25.309,98.469,90.0,top,R7,,,R_1206_3216Metric_Pad1.30x1.75mm_HandSolder,30,smt
25.182,88.309,-90.0,top,R8,,,R_1206_3216Metric_Pad1.30x1.75mm_HandSolder,30,smt
8.3,87.3,-90.0,top,R9,,,R_1206_3216Metric_Pad1.30x1.75mm_HandSolder,5k1,smt
34.58,94.151,0.0,top,U1,,,SOIC-8_5.3x6.2mm_P1.27mm,551MLFT,smt
81.763,94.146,-90.0,top,U2,,,TO-220-3_Vertical,LT1085-ADJ,tht
81.776,74.146,-90.0,top,U3,,,TO-220-3_Vertical,LT1085-ADJ,tht
19.0098,31.286,0.0,top,U4,,,WW107,ERA-1SM+,smt
35.522,31.286,0.0,top,U5,,,WW107,ERA-5SM+,smt
81.776,54.146,-90.0,top,U6,,,TO-220-3_Vertical,LT1085-ADJ,tht
6.562,19.942,0.0,top,U7,,,SSOP-8_2.95x2.8mm_P0.65mm,74LVC74,smt
24.984,17.062,0.0,top,U8,,,SOIC-8_5.3x6.2mm_P1.27mm,551MLFT,smt
61.25,28.873,0.0,top,U9,,,SOIC-8_5.3x6.2mm_P1.27mm,551MLFT,smt
